package	version	architecture	installed_size_kib	match
7zip	25.01+dfsg-1~deb13u1	arm64	6938	exact
adduser	3.152	all	428	exact
alsa-topology-conf	1.2.5.1-3	all	420	exact
alsa-ucm-conf	1.2.14-1	all	1353	exact
alsa-utils	1.2.14-1+rpt1	arm64	3474	exact
apparmor	4.1.0-1	arm64	3328	exact
apt	3.0.3	arm64	4912	exact
apt-listchanges	4.8	all	553	exact
apt-utils	3.0.3	arm64	1154	exact
avahi-daemon	0.8-16	arm64	315	exact
base-files	13.8+deb13u2	arm64	348	fallback
base-passwd	3.6.7	arm64	300	exact
bash	5.2.37-2+b5	arm64	7359	exact
bash-completion	1:2.16.0-7	all	1952	exact
binutils	2.44-3	arm64	1237	exact
binutils-aarch64-linux-gnu	2.44-3	arm64	9228	exact
binutils-common:arm64	2.44-3	arm64	16098	exact
bluez	5.82-1.1+rpt1	arm64	5567	exact
bluez-firmware	1.2-13+rpt2	all	476	exact
bsdextrautils	2.41-5	arm64	555	exact
bsdutils	1:2.41-5	arm64	553	exact
build-essential	12.12	arm64	17	exact
busybox	1:1.37.0-6+b3	arm64	967	exact
bzip2	1.0.8-6	arm64	193	exact
ca-certificates	20250419	all	390	exact
cifs-utils	2:7.4-1	arm64	652	exact
cloud-guest-utils	0.33-1	all	71	exact
cloud-init	25.2-1~bpo13+1+rpt19	all	3229	exact
console-setup	1.242~deb13u1	all	411	exact
console-setup-linux	1.242~deb13u1	all	7283	exact
coreutils	9.7-3	arm64	21046	exact
cpio	2.15+dfsg-2	arm64	1281	exact
cpp	4:14.2.0-1	arm64	18	exact
cpp-14	14.2.0-19	arm64	11	exact
cpp-14-aarch64-linux-gnu	14.2.0-19	arm64	30958	exact
cpp-aarch64-linux-gnu	4:14.2.0-1	arm64	17	exact
cron	3.0pl1-197	arm64	273	exact
cron-daemon-common	3.0pl1-197	all	56	exact
curl	8.14.1-2+deb13u2	arm64	502	exact
dash	0.5.12-12	arm64	275	exact
dbus	1.16.2-2	arm64	169	exact
dbus-bin	1.16.2-2	arm64	418	exact
dbus-daemon	1.16.2-2	arm64	420	exact
dbus-session-bus-common	1.16.2-2	all	80	exact
dbus-system-bus-common	1.16.2-2	all	91	exact
dbus-user-session	1.16.2-2	arm64	84	exact
dconf-cli	0.40.0-5	arm64	92	exact
debconf	1.5.91	all	497	exact
debconf-i18n	1.5.91	all	842	exact
debconf-utils	1.5.91	all	108	exact
debian-archive-keyring	2025.1	all	302	exact
debianutils	5.23.2	arm64	369	exact
device-tree-compiler	1.7.2-2+b1	arm64	712	exact
dhcpcd-base	1:10.1.0-11+deb13u1	arm64	563	fallback
diffutils	1:3.10-4	arm64	1876	exact
dirmngr	2.4.7-21+b3	arm64	1051	exact
distro-info-data	0.66+deb13u1	all	18	exact
dmidecode	3.6-2	arm64	222	exact
dmsetup	2:1.02.205-2	arm64	275	exact
dns-root-data	2025080400~deb13u1	all	19	exact
dnsmasq-base	2.91-1	arm64	1153	exact
dos2unix	7.5.2-1+b1	arm64	1896	exact
dosfstools	4.2-1.2	arm64	374	exact
dpkg	1.22.21	arm64	6906	exact
dpkg-dev	1.22.21	all	1726	exact
dracut-install	106-6	arm64	152	exact
e2fsprogs	1.47.2-3+b3	arm64	2125	exact
eatmydata	131-2	all	21	exact
ed	1.21.1-1	arm64	123	exact
eject	2.41-5	arm64	194	exact
ethtool	1:6.14.2-1	arm64	795	exact
exfatprogs	1.2.9-1	arm64	427	exact
fakeroot	1.37.1.1-1	arm64	289	exact
fbset	2.1-34	arm64	385	exact
fdisk	2.41-5	arm64	605	exact
file	1:5.46-5	arm64	119	exact
findutils	4.10.0-3	arm64	2248	exact
firmware-atheros	1:20241210-1+rpt4	all	82108	exact
firmware-brcm80211	1:20241210-1+rpt4	all	20364	exact
firmware-libertas	1:20241210-1+rpt4	all	11380	exact
firmware-mediatek	1:20241210-1+rpt4	all	33061	exact
firmware-realtek	1:20241210-1+rpt4	all	17661	exact
flashrom	1.4.0-3	arm64	889	exact
fuse3	3.17.2-3	arm64	185	exact
g++	4:14.2.0-1	arm64	13	exact
g++-14	14.2.0-19	arm64	35	exact
g++-14-aarch64-linux-gnu	14.2.0-19	arm64	33334	exact
g++-aarch64-linux-gnu	4:14.2.0-1	arm64	11	exact
gcc	4:14.2.0-1	arm64	36	exact
gcc-14	14.2.0-19	arm64	610	exact
gcc-14-aarch64-linux-gnu	14.2.0-19	arm64	61641	exact
gcc-14-base:arm64	14.2.0-19	arm64	112	exact
gcc-aarch64-linux-gnu	4:14.2.0-1	arm64	23	exact
gdb	16.3-1	arm64	16174	exact
gdisk	1.0.10-2+b1	arm64	1089	exact
gettext-base	0.23.1-2	arm64	812	exact
gnupg	2.4.7-21	all	468	exact
gnupg-l10n	2.4.7-21	all	5010	exact
gnupg-utils	2.4.7-21+b3	arm64	921	exact
gpg	2.4.7-21+b3	arm64	1670	exact
gpg-agent	2.4.7-21+b3	arm64	1002	exact
gpg-wks-client	2.4.7-21+b3	arm64	302	exact
gpgconf	2.4.7-21+b3	arm64	459	exact
gpgsm	2.4.7-21+b3	arm64	700	exact
gpgv	2.4.7-21+b3	arm64	620	exact
gpiod	2.2.1-2+deb13u1	arm64	459	exact
grep	3.11-4+b1	arm64	1263	exact
groff-base	1.23.0-9	arm64	4500	exact
gzip	1.13-1	arm64	288	exact
hostname	3.25	arm64	90	exact
htop	3.4.1-5	arm64	464	exact
init	1.69~deb13u1	arm64	17	exact
init-system-helpers	1.69~deb13u1	all	133	exact
initramfs-tools	0.148.3+rpt2	all	53	exact
initramfs-tools-bin	0.148.3+rpt2	arm64	88	exact
initramfs-tools-core	0.148.3+rpt2	all	166	exact
inotify-tools	4.23.9.0-2+b1	arm64	297	exact
iproute2	6.15.0-1	arm64	4208	exact
iputils-arping	3:20240905-3	arm64	92	exact
iputils-ping	3:20240905-3	arm64	243	exact
iso-codes	4.18.0-1	all	23094	exact
iw	6.9-1+b1	arm64	353	exact
kbd	2.7.1-2	arm64	3007	exact
keyboard-configuration	1.242~deb13u1	all	2861	exact
klibc-utils	2.0.14-1	arm64	2304	exact
kmod	34.2-2	arm64	279	exact
kms++-utils	0~git20250807.1813ada-1	arm64	474	exact
less	668-1	arm64	500	exact
libacl1:arm64	2.3.2-2+b1	arm64	102	exact
libalgorithm-diff-perl	1.201-1	all	129	exact
libalgorithm-diff-xs-perl	0.04-9	arm64	94	exact
libalgorithm-merge-perl	0.08-5	all	43	exact
libapparmor1:arm64	4.1.0-1	arm64	163	exact
libapt-pkg7.0:arm64	3.0.3	arm64	3643	exact
libasan8:arm64	14.2.0-19	arm64	10515	exact
libasound2-data	1.2.14-1+rpt1	all	200	exact
libasound2t64:arm64	1.2.14-1+rpt1	arm64	1269	exact
libassuan9:arm64	3.0.2-2	arm64	184	exact
libatasmart4:arm64	0.19-5+b2	arm64	86	exact
libatomic1:arm64	14.2.0-19	arm64	81	exact
libatopology2t64:arm64	1.2.14-1+rpt1	arm64	153	exact
libattr1:arm64	1:2.5.2-3	arm64	100	exact
libaudit-common	1:4.0.2-2	all	25	exact
libaudit1:arm64	1:4.0.2-2+b2	arm64	223	exact
libavahi-common-data:arm64	0.8-16	arm64	760	exact
libavahi-common3:arm64	0.8-16	arm64	112	exact
libavahi-core7:arm64	0.8-16	arm64	312	exact
libb2-1:arm64	0.98.1-1.1+b2	arm64	88	exact
libbabeltrace1:arm64	1.5.11-4+b2	arm64	772	exact
libbinutils:arm64	2.44-3	arm64	3037	exact
libblkid1:arm64	2.41-5	arm64	518	exact
libblockdev-crypto3:arm64	3.3.0-2.1	arm64	89	exact
libblockdev-fs3:arm64	3.3.0-2.1	arm64	155	exact
libblockdev-loop3:arm64	3.3.0-2.1	arm64	87	exact
libblockdev-mdraid3:arm64	3.3.0-2.1	arm64	88	exact
libblockdev-nvme3:arm64	3.3.0-2.1	arm64	88	exact
libblockdev-part3:arm64	3.3.0-2.1	arm64	87	exact
libblockdev-swap3:arm64	3.3.0-2.1	arm64	87	exact
libblockdev-utils3:arm64	3.3.0-2.1	arm64	88	exact
libblockdev3:arm64	3.3.0-2.1	arm64	305	exact
libbluetooth3:arm64	5.82-1.1+rpt1	arm64	337	exact
libboost-filesystem1.83.0:arm64	1.83.0-4.2	arm64	2339	exact
libboost-log1.83.0	1.83.0-4.2	arm64	4007	exact
libboost-program-options1.83.0:arm64	1.83.0-4.2	arm64	2595	exact
libboost-thread1.83.0:arm64	1.83.0-4.2	arm64	2339	exact
libbpf1:arm64	1:1.5.0-3	arm64	488	exact
libbrotli1:arm64	1.1.0-2+b7	arm64	930	exact
libbsd0:arm64	0.12.2-2	arm64	262	exact
libbytesize-common	2.11-2	all	120	exact
libbytesize1:arm64	2.11-2	arm64	82	exact
libbz2-1.0:arm64	1.0.8-6	arm64	92	exact
libc-bin	2.41-12+rpt1	arm64	2248	exact
libc-dev-bin	2.41-12+rpt1	arm64	165	exact
libc-l10n	2.41-12+rpt1	all	4738	exact
libc6:arm64	2.41-12+rpt1	arm64	23832	exact
libc6-dev:arm64	2.41-12+rpt1	arm64	10302	exact
libcamera-ipa:arm64	0.6.0+rpt20251202-1	arm64	5073	exact
libcamera0.6:arm64	0.6.0+rpt20251202-1	arm64	2255	exact
libcap-ng0:arm64	0.8.5-4+b1	arm64	154	exact
libcap2:arm64	1:2.75-10+b1	arm64	160	exact
libcap2-bin	1:2.75-10+b1	arm64	303	exact
libcbor0.10:arm64	0.10.2-2	arm64	98	exact
libcc1-0:arm64	14.2.0-19	arm64	208	exact
libcom-err2:arm64	1.47.2-3+b3	arm64	112	exact
libcrypt-dev:arm64	1:4.4.38-1	arm64	352	exact
libcrypt1:arm64	1:4.4.38-1	arm64	227	exact
libcryptsetup12:arm64	2:2.7.5-2	arm64	652	exact
libctf-nobfd0:arm64	2.44-3	arm64	342	exact
libctf0:arm64	2.44-3	arm64	276	exact
libcurl3t64-gnutls:arm64	8.14.1-2+deb13u2	arm64	1021	exact
libcurl4t64:arm64	8.14.1-2+deb13u2	arm64	1016	exact
libdaemon0:arm64	0.14-7.1+b3	arm64	84	exact
libdb5.3t64:arm64	5.3.28+dfsg2-9	arm64	1775	exact
libdbus-1-3:arm64	1.16.2-2	arm64	489	exact
libdconf1:arm64	0.40.0-5	arm64	164	exact
libdebconfclient0:arm64	0.280	arm64	90	exact
libdebuginfod-common	0.192-4	all	52	exact
libdebuginfod1t64:arm64	0.192-4	arm64	101	exact
libdeflate0:arm64	1.23-2	arm64	146	exact
libdevmapper1.02.1:arm64	2:1.02.205-2	arm64	565	exact
libdouble-conversion3:arm64	3.3.1-1	arm64	156	exact
libdpkg-perl	1.22.21	all	2089	exact
libdrm-common	2.4.124-2	all	45	exact
libdrm2:arm64	2.4.124-2	arm64	168	exact
libdtovl0:arm64	20251120-1	arm64	87	exact
libduktape207:arm64	2.7.0-2+b2	arm64	347	exact
libdvdread8t64:arm64	6.1.3-2	arm64	191	exact
libdw1t64:arm64	0.192-4	arm64	817	exact
libeatmydata1:arm64	131-2+b1	arm64	87	exact
libebml5:arm64	1.4.5-1+b1	arm64	212	exact
libedit2:arm64	3.1-20250104-1	arm64	306	exact
libelf1t64:arm64	0.192-4	arm64	1244	exact
libexif12:arm64	0.6.25-1	arm64	2866	exact
libexpat1:arm64	2.7.1-2	arm64	440	exact
libext2fs2t64:arm64	1.47.2-3+b3	arm64	597	exact
libfakeroot:arm64	1.37.1.1-1	arm64	165	exact
libfdisk1:arm64	2.41-5	arm64	652	exact
libfdt1:arm64	1.7.2-2+b1	arm64	87	exact
libffi8:arm64	3.4.8-2	arm64	92	exact
libfftw3-single3:arm64	3.3.10-2+b1	arm64	1384	exact
libfido2-1:arm64	1.15.0-1+b1	arm64	287	exact
libfile-fcntllock-perl	0.22-4+b4	arm64	182	exact
libflac14:arm64	1.5.0+ds-2	arm64	447	exact
libfmt10:arm64	10.1.1+ds1-4	arm64	283	exact
libftdi1-2:arm64	1.5-10	arm64	97	exact
libfuse3-4:arm64	3.17.2-3	arm64	377	exact
libgcc-14-dev:arm64	14.2.0-19	arm64	15555	exact
libgcc-s1:arm64	14.2.0-19	arm64	148	exact
libgcrypt20:arm64	1.11.0-7	arm64	1522	exact
libgdbm-compat4t64:arm64	1.24-2	arm64	127	exact
libgdbm6t64:arm64	1.24-2	arm64	194	exact
libglib2.0-0t64:arm64	2.84.4-3~deb13u1	arm64	4985	exact
libglib2.0-data	2.84.4-3~deb13u1	all	9830	exact
libgmp10:arm64	2:6.3.0+dfsg-3	arm64	846	exact
libgnutls30t64:arm64	3.8.9-3	arm64	3686	exact
libgomp1:arm64	14.2.0-19	arm64	352	exact
libgpg-error-l10n	1.51-4	all	635	exact
libgpg-error0:arm64	1.51-4	arm64	236	exact
libgpgme11t64:arm64	1.24.2-3	arm64	629	exact
libgpiod3:arm64	2.2.1-2+deb13u1	arm64	329	exact
libgpiolib0:arm64	20251120-1	arm64	150	exact
libgprofng0:arm64	2.44-3	arm64	2703	exact
libgssapi-krb5-2:arm64	1.21.3-5	arm64	487	exact
libgudev-1.0-0:arm64	238-6	arm64	84	exact
libhidapi-hidraw0:arm64	0.14.0-1+b2	arm64	89	exact
libhogweed6t64:arm64	3.10.1-1	arm64	507	exact
libhwasan0:arm64	14.2.0-19	arm64	4888	exact
libicu76:arm64	76.1-4	arm64	37547	exact
libidn2-0:arm64	2.3.8-2	arm64	442	exact
libinotifytools0:arm64	4.23.9.0-2+b1	arm64	91	exact
libisl23:arm64	0.27-1	arm64	2427	exact
libitm1:arm64	14.2.0-19	arm64	146	exact
libiw30t64:arm64	30~pre9-18+b1	arm64	86	exact
libjansson4:arm64	2.14-2+b3	arm64	108	exact
libjaylink0:arm64	0.4.0-1	arm64	81	exact
libjbig0:arm64	2.1-6.1+b2	arm64	97	exact
libjim0.83:arm64	0.83-2	arm64	414	exact
libjpeg62-turbo:arm64	1:2.1.5-4	arm64	478	exact
libjson-c5:arm64	0.18+ds-1	arm64	168	exact
libk5crypto3:arm64	1.21.3-5	arm64	278	exact
libkeyutils1:arm64	1.6.3-6	arm64	85	exact
libklibc:arm64	2.0.14-1	arm64	154	exact
libkmod2:arm64	34.2-2	arm64	168	exact
libkms++0:arm64	0~git20250807.1813ada-1	arm64	472	exact
libkrb5-3:arm64	1.21.3-5	arm64	1166	exact
libkrb5support0:arm64	1.21.3-5	arm64	154	exact
libksba8:arm64	1.6.7-2+b1	arm64	378	exact
liblastlog2-2:arm64	2.41-5	arm64	124	exact
libldap-common	2.6.10+dfsg-1	all	99	exact
libldap2:arm64	2.6.10+dfsg-1	arm64	576	exact
liblerc4:arm64	4.0.0+ds-5	arm64	552	exact
liblgpio1:arm64	0.2.2-1~rpt1+trixie	arm64	148	exact
liblocale-gettext-perl	1.07-7+b1	arm64	101	exact
liblsan0:arm64	14.2.0-19	arm64	3846	exact
liblttng-ust-common1t64:arm64	2.13.9-1	arm64	150	exact
liblttng-ust-ctl5t64:arm64	2.13.9-1	arm64	410	exact
liblttng-ust1t64:arm64	2.13.9-1	arm64	1239	exact
libluajit-5.1-2:arm64	2.1.0+openresty20250117-2	arm64	606	exact
libluajit-5.1-common	2.1.0+openresty20250117-2	all	260	exact
liblz4-1:arm64	1.10.0-4	arm64	217	exact
liblzma5:arm64	5.8.1-1	arm64	435	exact
libmagic-mgc	1:5.46-5	arm64	10154	exact
libmagic1t64:arm64	1:5.46-5	arm64	260	exact
libmatroska7:arm64	1.7.1-1+b2	arm64	727	exact
libmbim-glib4:arm64	1.32.0-1	arm64	964	exact
libmbim-proxy	1.32.0-1	arm64	80	exact
libmbim-utils	1.32.0-1	arm64	303	exact
libmd0:arm64	1.1.0-2+b1	arm64	102	exact
libmm-glib0:arm64	1.24.0-1+deb13u1	arm64	1481	exact
libmnl0:arm64	1.0.5-3	arm64	86	exact
libmount1:arm64	2.41-5	arm64	589	exact
libmpc3:arm64	1.3.1-1+b3	arm64	150	exact
libmpfr6:arm64	4.2.2-1	arm64	1192	exact
libmtp-common	1.1.22-1	all	165	exact
libmtp-runtime	1.1.22-1	arm64	108	exact
libmtp9t64:arm64	1.1.22-1	arm64	709	exact
libncursesw6:arm64	6.5+20250216-2	arm64	568	exact
libndp0:arm64	1.9-1+b1	arm64	86	exact
libnetfilter-conntrack3:arm64	1.1.0-1	arm64	152	exact
libnetplan1:arm64	1.1.2-7+rpt1	arm64	417	exact
libnettle8t64:arm64	3.10.1-1	arm64	543	exact
libnewt0.52:arm64	0.52.25-1	arm64	393	exact
libnfnetlink0:arm64	1.0.2-3	arm64	83	exact
libnftables1:arm64	1.1.3-1	arm64	1104	exact
libnftnl11:arm64	1.2.9-1	arm64	295	exact
libnghttp2-14:arm64	1.64.0-1.1	arm64	229	exact
libnghttp3-9:arm64	1.8.0-1	arm64	233	exact
libngtcp2-16:arm64	1.11.0-1	arm64	363	exact
libngtcp2-crypto-gnutls8:arm64	1.11.0-1	arm64	104	exact
libnl-3-200:arm64	3.7.0-2	arm64	236	exact
libnl-genl-3-200:arm64	3.7.0-2	arm64	93	exact
libnl-route-3-200:arm64	3.7.0-2	arm64	665	exact
libnm0:arm64	1.52.1-1+rpt4	arm64	1789	exact
libnpth0t64:arm64	1.8-3	arm64	101	exact
libnspr4:arm64	2:4.36-1	arm64	425	exact
libnss-mdns:arm64	0.15.1-4+b1	arm64	430	exact
libnss3:arm64	2:3.110-1	arm64	4588	exact
libntfs-3g89t64:arm64	1:2022.10.3-5	arm64	419	exact
libnuma1:arm64	2.0.19-1	arm64	87	exact
libnvme1t64	1.13-2	arm64	358	exact
libogg0:arm64	1.3.5-3+b2	arm64	90	exact
libossp-uuid16:arm64	1.6.4-1	arm64	171	exact
libp11-kit0:arm64	0.25.5-3	arm64	2062	exact
libpam-chksshpwd:arm64	2.0	arm64	86	exact
libpam-modules:arm64	1.7.0-5	arm64	3055	exact
libpam-modules-bin	1.7.0-5	arm64	446	exact
libpam-runtime	1.7.0-5	all	1028	exact
libpam-systemd:arm64	257.9-1~deb13u1	arm64	740	exact
libpam0g:arm64	1.7.0-5	arm64	295	exact
libparted2t64:arm64	3.6-5	arm64	609	exact
libpcap0.8t64:arm64	1.10.5-2	arm64	402	exact
libpci3:arm64	1:3.13.0-2	arm64	191	exact
libpcre2-16-0:arm64	10.46-1~deb13u1	arm64	657	exact
libpcre2-8-0:arm64	10.46-1~deb13u1	arm64	722	exact
libpcsclite1:arm64	2.3.3-1	arm64	181	exact
libperl5.40:arm64	5.40.1-6	arm64	30982	exact
libpipeline1:arm64	1.5.8-1	arm64	97	exact
libpisp-common	1.3.0-1	all	31	exact
libpisp1:arm64	1.3.0-1	arm64	859	exact
libpkgconf3:arm64	1.8.1-4	arm64	101	exact
libpng16-16t64:arm64	1.6.48-1	arm64	476	exact
libpolkit-agent-1-0:arm64	126-2	arm64	92	exact
libpolkit-gobject-1-0:arm64	126-2	arm64	227	exact
libpopt0:arm64	1.19+dfsg-2	arm64	257	exact
libproc2-0:arm64	2:4.0.4-9	arm64	229	exact
libpsl5t64:arm64	0.21.2-1.1+b1	arm64	156	exact
libpugixml1v5:arm64	1.14-2	arm64	296	exact
libpython3-stdlib:arm64	3.13.5-1	arm64	28	exact
libpython3.13:arm64	3.13.5-2	arm64	7369	exact
libpython3.13-minimal:arm64	3.13.5-2	arm64	5466	exact
libpython3.13-stdlib:arm64	3.13.5-2	arm64	10504	exact
libqmi-glib5:arm64	1.36.0-1	arm64	4823	exact
libqmi-proxy	1.36.0-1	arm64	82	exact
libqmi-utils	1.36.0-1	arm64	904	exact
libqrtr-glib0:arm64	1.2.2-1+b2	arm64	89	exact
libqt6core6t64:arm64	6.8.2+dfsg-9+deb13u1	arm64	6343	exact
libreadline8t64:arm64	8.2-6	arm64	557	exact
librpicam-app1:arm64	1.10.1-1	arm64	727	fallback
librtmp1:arm64	2.4+20151223.gitfa8646d.1-2+b5	arm64	156	exact
libsamplerate0:arm64	0.2.2-4+b2	arm64	1506	exact
libsasl2-2:arm64	2.1.28+dfsg1-9	arm64	180	exact
libsasl2-modules:arm64	2.1.28+dfsg1-9	arm64	526	exact
libsasl2-modules-db:arm64	2.1.28+dfsg1-9	arm64	106	exact
libseccomp2:arm64	2.6.0-2	arm64	217	exact
libselinux1:arm64	3.8.1-1	arm64	289	exact
libsemanage-common	3.8.1-1	all	21	exact
libsemanage2:arm64	3.8.1-1	arm64	354	exact
libsepol2:arm64	3.8.1-1	arm64	863	exact
libsframe1:arm64	2.44-3	arm64	146	exact
libsharpyuv0:arm64	1.5.0-0.1	arm64	183	exact
libslang2:arm64	2.3.3-5+b2	arm64	2559	exact
libsmartcols1:arm64	2.41-5	arm64	457	exact
libsource-highlight-common	3.1.9-4.3	all	320	exact
libsource-highlight4t64:arm64	3.1.9-4.3+b1	arm64	1201	exact
libsqlite3-0:arm64	3.46.1-7	arm64	1854	exact
libss2:arm64	1.47.2-3+b3	arm64	112	exact
libssh2-1t64:arm64	1.11.1-1	arm64	473	exact
libssl3t64:arm64	3.5.4-1~deb13u1+rpt1	arm64	8010	exact
libstdc++-14-dev:arm64	14.2.0-19	arm64	22043	exact
libstdc++6:arm64	14.2.0-19	arm64	3022	exact
libsystemd-shared:arm64	257.9-1~deb13u1	arm64	6945	exact
libsystemd0:arm64	257.9-1~deb13u1	arm64	1275	exact
libtalloc2:arm64	2:2.4.3+samba4.22.6+dfsg-0+deb13u1	arm64	140	exact
libtasn1-6:arm64	4.20.0-2	arm64	167	exact
libteamdctl0:arm64	1.31-1+b2	arm64	85	exact
libtext-charwidth-perl:arm64	0.04-11+b4	arm64	94	exact
libtext-iconv-perl:arm64	1.7-8+b4	arm64	98	exact
libtext-wrapi18n-perl	0.06-10	all	26	exact
libtiff6:arm64	4.7.0-3+deb13u1	arm64	754	exact
libtinfo6:arm64	6.5+20250216-2	arm64	673	exact
libtirpc-common	1.3.6+ds-1	all	32	exact
libtirpc3t64:arm64	1.3.6+ds-1	arm64	304	exact
libtsan2:arm64	14.2.0-19	arm64	8949	exact
libubsan1:arm64	14.2.0-19	arm64	3358	exact
libuchardet0:arm64	0.0.8-1+b2	arm64	276	exact
libudev1:arm64	257.9-1~deb13u1	arm64	404	exact
libudisks2-0:arm64	2.10.1-12.1+deb13u1	arm64	983	exact
libunistring5:arm64	1.3-2	arm64	2128	exact
libusb-1.0-0:arm64	2:1.0.28-1	arm64	161	exact
libuuid1:arm64	2.41-5	arm64	126	exact
libv4l-0t64:arm64	1.30.1-1	arm64	481	exact
libv4l2rds0t64:arm64	1.30.1-1	arm64	178	exact
libv4lconvert0t64:arm64	1.30.1-1	arm64	442	exact
libvolume-key1:arm64	0.3.12-9	arm64	811	exact
libvorbis0a:arm64	1.3.7-3	arm64	220	exact
libwbclient0:arm64	2:4.22.6+dfsg-0+deb13u1	arm64	207	exact
libwebp7:arm64	1.5.0-0.1	arm64	503	exact
libwrap0:arm64	7.6.q-36	arm64	130	exact
libwtmpdb0:arm64	0.73.0-3+deb13u1	arm64	91	exact
libx11-6:arm64	2:1.8.12-1	arm64	1689	exact
libx11-data	2:1.8.12-1	all	1576	exact
libxau6:arm64	1:1.0.11-1	arm64	94	exact
libxcb1:arm64	1.17.0-2+b1	arm64	329	exact
libxdmcp6:arm64	1:1.1.5-1	arm64	99	exact
libxext6:arm64	2:1.3.4-1+b3	arm64	181	exact
libxml2:arm64	2.12.7+dfsg+really2.9.14-2.1+deb13u2	arm64	1890	exact
libxmuu1:arm64	2:1.1.3-3+b4	arm64	97	exact
libxtables12:arm64	1.8.11-2	arm64	101	exact
libxxhash0:arm64	0.8.3-2	arm64	88	exact
libyaml-0-2:arm64	0.2.5-2	arm64	151	exact
libyuv0:arm64	0.0.1904.20250204-1	arm64	596	exact
libzstd1:arm64	1.5.7+dfsg-1	arm64	748	exact
linux-base	4.12	all	76	exact
linux-headers-6.12.47+rpt-common-rpi	1:6.12.47-1+rpt1	all	47580	exact
linux-headers-6.12.47+rpt-rpi-2712	1:6.12.47-1+rpt1	arm64	3513	exact
linux-headers-6.12.47+rpt-rpi-v8	1:6.12.47-1+rpt1	arm64	3513	exact
linux-headers-rpi-2712	1:6.12.47-1+rpt1	arm64	10	exact
linux-headers-rpi-v8	1:6.12.47-1+rpt1	arm64	10	exact
linux-image-6.12.47+rpt-rpi-2712	1:6.12.47-1+rpt1	arm64	35880	exact
linux-image-6.12.47+rpt-rpi-v8	1:6.12.47-1+rpt1	arm64	35889	exact
linux-image-rpi-2712	1:6.12.47-1+rpt1	arm64	13	exact
linux-image-rpi-v8	1:6.12.47-1+rpt1	arm64	13	exact
linux-kbuild-6.12.47+rpt	1:6.12.47-1+rpt1	arm64	3431	exact
linux-libc-dev	1:6.12.47-1+rpt1	all	8210	exact
linux-sysctl-defaults	4.12	all	19	exact
locales	2.41-12+rpt1	all	15774	exact
login	1:4.16.0-2+really2.41-5	arm64	416	exact
login.defs	1:4.17.4-2	all	214	exact
logrotate	3.22.0-1+b2	arm64	192	exact
logsave	1.47.2-3+b3	arm64	111	exact
lsb-release	12.1-1	all	17	exact
lua5.1	5.1.5-11	arm64	481	exact
luajit	2.1.0+openresty20250117-2	arm64	597	exact
make	4.4.1-2	arm64	1822	exact
man-db	2.13.1-1	arm64	3562	exact
manpages	6.9.1-1	all	1668	exact
manpages-dev	6.9.1-1	all	3978	exact
mawk	1.3.4.20250131-1	arm64	320	exact
media-types	13.0.0	all	98	exact
mkvtoolnix	92.0-1	arm64	27961	exact
modemmanager	1.24.0-1+deb13u1	arm64	7047	exact
mount	2.41-5	arm64	656	exact
nano	8.4-1	arm64	2867	exact
ncdu	1.22-1	arm64	155	exact
ncurses-base	6.5+20250216-2	all	389	exact
ncurses-bin	6.5+20250216-2	arm64	917	exact
ncurses-term	6.5+20250216-2	all	4372	exact
net-tools	2.10-1.3	arm64	1371	exact
netbase	6.5	all	35	exact
netcat-openbsd	1.229-1	arm64	133	exact
netplan-generator	1.1.2-7+rpt1	arm64	332	exact
netplan.io	1.1.2-7+rpt1	arm64	372	exact
network-manager	1.52.1-1+rpt4	arm64	8584	exact
network-manager-l10n	1.52.1-1+rpt4	all	8525	exact
nftables	1.1.3-1	arm64	225	exact
ntfs-3g	1:2022.10.3-5	arm64	2106	exact
openssh-client	1:10.0p1-7	arm64	5385	exact
openssh-server	1:10.0p1-7	arm64	3424	exact
openssh-sftp-server	1:10.0p1-7	arm64	209	exact
openssl	3.5.4-1~deb13u1+rpt1	arm64	2541	exact
openssl-provider-legacy	3.5.4-1~deb13u1+rpt1	arm64	407	exact
p7zip-full	16.02+transitional.1	all	12	exact
pahole	1.30-1	arm64	1977	exact
parted	3.6-5	arm64	218	exact
passwd	1:4.17.4-2	arm64	5317	exact
pastebinit	1.7.1-1+~rpt2	all	333	exact
patch	2.8-2	arm64	270	exact
pci.ids	0.0~2025.06.09-1	all	1509	exact
pciutils	1:3.13.0-2	arm64	350	exact
perl	5.40.1-6	arm64	841	exact
perl-base	5.40.1-6	arm64	8006	exact
perl-modules-5.40	5.40.1-6	all	19988	exact
pinentry-curses	1.3.1-2	arm64	206	exact
pkg-config:arm64	1.8.1-4	arm64	29	exact
pkgconf:arm64	1.8.1-4	arm64	65	exact
pkgconf-bin	1.8.1-4	arm64	106	exact
polkitd	126-2	arm64	701	exact
ppp	2.5.2-1+1	arm64	1689	exact
procps	2:4.0.4-9	arm64	2975	exact
psmisc	23.7-2	arm64	1198	exact
publicsuffix	20250328.1952-0.1	all	570	exact
python-apt-common	3.0.0	all	532	exact
python-babel-localedata	2.17.0-1	all	30133	exact
python-is-python3	3.13.3-1	all	16	exact
python3	3.13.5-1	arm64	83	exact
python3-apt	3.0.0	arm64	774	exact
python3-arrow	1.3.0-1.1	all	313	exact
python3-attr	25.3.0-1	all	268	exact
python3-babel	2.17.0-1	all	519	exact
python3-bcrypt	4.2.0-2.1+b1	arm64	555	exact
python3-blinker	1.9.0-1	all	45	exact
python3-certifi	2025.1.31+ds-1	all	41	exact
python3-cffi-backend:arm64	1.17.1-3	arm64	298	exact
python3-chardet	5.2.0+dfsg-2	all	1141	exact
python3-charset-normalizer	3.4.2-1	arm64	570	exact
python3-colorzero	2.0-4	all	115	exact
python3-configobj	5.0.9-1	all	162	exact
python3-cryptography	43.0.0-3	arm64	3574	exact
python3-dateutil	2.9.0-4	all	324	exact
python3-debconf	1.5.91	all	19	exact
python3-distro	1.9.0-1	all	83	exact
python3-fqdn	1.5.1-2	all	30	exact
python3-gpiozero	2.0.1-0+rpt1+trixie	all	680	exact
python3-idna	3.10-1	all	371	exact
python3-isoduration	20.11.0+git20211126.ae0bd61-2	all	58	exact
python3-jinja2	3.1.6-1	all	532	exact
python3-json-pointer	2.4-3	all	45	exact
python3-jsonpatch	1.32-5	all	58	exact
python3-jsonschema	4.19.2-6	all	485	exact
python3-jsonschema-specifications	2023.12.1-2	all	81	exact
python3-jwt	2.10.1-2	all	116	exact
python3-lgpio	0.2.2-1~rpt1+trixie	arm64	324	exact
python3-libgpiod	2.2.1-2+deb13u1	arm64	186	exact
python3-linkify-it	2.0.3-1	all	79	exact
python3-markdown-it	3.0.0-3	all	287	exact
python3-markupsafe	2.1.5-1+b4	arm64	105	exact
python3-mdurl	0.1.2-1	all	42	exact
python3-minimal	3.13.5-1	arm64	112	exact
python3-netplan	1.1.2-7+rpt1	arm64	193	exact
python3-oauthlib	3.2.2-3	all	562	exact
python3-pip-whl	25.1.1+dfsg-1	all	1531	exact
python3-pycryptodome	3.20.0+dfsg-3	arm64	5738	exact
python3-pygments	2.18.0+dfsg-2	all	4521	exact
python3-referencing	0.36.2-1	all	139	exact
python3-requests	2.32.3+dfsg-5	all	241	exact
python3-rfc3339-validator	0.1.4-2	all	23	exact
python3-rfc3986-validator	0.1.1-2	all	28	exact
python3-rfc3987	1.3.8-3	all	47	exact
python3-rich	13.9.4-1	all	1072	exact
python3-rpds-py	0.21.0-2+b1	arm64	736	exact
python3-rpi-lgpio	0.6-0~rpt1+trixie	all	58	exact
python3-setuptools-whl	78.1.1-0.1	all	1324	exact
python3-smbus2	0.4.3-1	arm64	56	exact
python3-spidev	3.6-1+b6	arm64	93	exact
python3-typeshed	0.0~git20241223.ea91db2-1	all	14753	exact
python3-uc-micro	1.0.3-1	all	43	exact
python3-uritemplate	4.1.1-3	all	48	exact
python3-urllib3	2.3.0-3	all	470	exact
python3-venv	3.13.5-1	arm64	6	exact
python3-webcolors	1.13-1	all	66	exact
python3-yaml	6.0.2-1+b2	arm64	552	exact
python3.13	3.13.5-2	arm64	830	exact
python3.13-minimal	3.13.5-2	arm64	6613	exact
python3.13-venv	3.13.5-2	arm64	27	exact
raspberrypi-archive-keyring	2025.1+rpt1	all	28	exact
raspberrypi-net-mods	1.4.4	all	16	exact
raspberrypi-sys-mods	1:20251028+1	arm64	107	exact
raspi-config	20251202	all	32	exact
raspi-config-core	20251202	all	145	exact
raspi-firmware	1:1.20250915-1	all	22142	exact
raspi-utils	20251120-1	all	13	exact
raspi-utils-core	20251120-1	arm64	306	exact
raspi-utils-dt	20251120-1	arm64	236	exact
raspi-utils-eeprom	20251120-1	arm64	153	exact
raspi-utils-otp	20251120-1	all	20	exact
raspinfo	20251120-1	all	21	exact
readline-common	8.2-6	all	89	exact
retry	1.0.5-3+b1	arm64	86	exact
rfkill	2.41-5	arm64	127	exact
rpcsvc-proto	1.4.3-1+b1	arm64	283	exact
rpi-cloud-init-mods	1:20251114	all	21	exact
rpi-connect-lite	2.6.1	arm64	20376	fallback
rpi-eeprom	28.9-1	all	54608	fallback
rpi-keyboard-config	1.0	all	188	exact
rpi-keyboard-fw-update	1.0.1	all	1001	exact
rpi-loop-utils	1.2.1	all	29	exact
rpi-swap	1.2.1	all	60	exact
rpi-systemd-config	1.1.1	all	27	exact
rpi-update	20230904	all	31	exact
rpi-usb-gadget	1.0.6	arm64	107	exact
rpicam-apps-core	1.10.1-1	arm64	1015	fallback
rpicam-apps-lite	1.10.1-1	all	11	fallback
rsync	3.4.1+ds1-5	arm64	893	exact
runit-helper	2.16.4	all	21	exact
sed	4.9-2+b1	arm64	996	exact
sensible-utils	0.0.25	all	63	exact
sgml-base	1.31+nmu1	all	65	exact
shared-mime-info	2.4-5+b2	arm64	5195	exact
sq	1.3.1-2+b1	arm64	19787	exact
sqv	1.3.0-3	arm64	1630	exact
ssh	1:10.0p1-7	all	152	exact
ssh-import-id	5.10-3	all	48	exact
strace	6.13+ds-1	arm64	2728	exact
sudo	1.9.16p2-3	arm64	7061	exact
systemd	257.9-1~deb13u1	arm64	13333	exact
systemd-sysv	257.9-1~deb13u1	arm64	96	exact
systemd-timesyncd	257.9-1~deb13u1	arm64	254	exact
systemd-zram-generator	1.2.1-2	arm64	741	exact
sysvinit-utils	3.14-4	arm64	196	exact
tar	1.35+dfsg-3.1	arm64	3105	exact
tzdata	2025b-4+deb13u1	all	1357	exact
ucf	3.0052	all	148	exact
udev	257.9-1~deb13u1	arm64	10437	exact
udisks2	2.10.1-12.1+deb13u1	arm64	2926	exact
unzip	6.0-29	arm64	495	exact
usb-modeswitch	2.6.1-4+b2	arm64	186	exact
usb-modeswitch-data	20191128-7	all	92	exact
usbutils	1:018-2	arm64	426	exact
userconf-pi	0.15	all	35	exact
util-linux	2.41-5	arm64	7453	exact
uuid	1.6.4-1	arm64	97	exact
v4l-utils	1.30.1-1	arm64	2992	exact
vim-common	2:9.1.1230-2	all	1864	exact
vim-tiny	2:9.1.1230-2	arm64	1948	exact
wget	1.25.0-2	arm64	3780	exact
whiptail	0.52.25-1	arm64	97	exact
wireless-regdb	2025.07.10-1	all	38	exact
wireless-tools	30~pre9-18+b1	arm64	549	exact
wpasupplicant	2:2.10-24	arm64	3914	exact
xauth	1:1.1.2-1.1	arm64	97	exact
xdg-user-dirs	0.18-2	arm64	415	exact
xkb-data	2.42-1	all	6911	exact
xml-core	0.19	all	114	exact
xz-utils	5.8.1-1	arm64	1500	exact
zip	3.0-15	arm64	803	exact
zlib1g:arm64	1:1.3.dfsg+really1.3.1-1+b1	arm64	181	exact
zstd	1.5.7+dfsg-1	arm64	2112	exact
